{
  "best_model_name": "Random Forest",
  "best_threshold": 0.21,
  "target_column": "DepDel15",
  "min_precision": 0.35,
  "max_false_positive_rate": 0.22,
  "comparison_csv": "flight_delay_model_artifacts\\model_comparison.csv",
  "precision_recall_chart": "flight_delay_model_artifacts\\precision_recall_curves.png",
  "metric_chart": "flight_delay_model_artifacts\\model_metrics.png",
  "feature_importance_chart": "flight_delay_model_artifacts\\best_model_feature_importance.png",
  "threshold_tradeoff_chart": "flight_delay_model_artifacts\\best_model_threshold_tradeoff.png",
  "threshold_table_csv": "flight_delay_model_artifacts\\best_model_thresholds.csv",
  "pipeline_path": "flight_delay_model_artifacts\\best_delay_model_pipeline.joblib",
  "ranking": [
    {
      "model_name": "Random Forest",
      "roc_auc": 0.7287729230921374,
      "average_precision": 0.45521557041995026,
      "threshold": 0.21,
      "precision": 0.3953006219765031,
      "recall": 0.5635467980295567,
      "specificity": 0.7804265997490589,
      "false_positive_rate": 0.21957340025094108,
      "f1": 0.4646628757108042,
      "tp": 572.0,
      "fp": 875.0,
      "tn": 3110.0,
      "fn": 443.0
    },
    {
      "model_name": "CatBoost",
      "roc_auc": 0.7157921021564858,
      "average_precision": 0.42578148632996243,
      "threshold": 0.19,
      "precision": 0.39688164422395467,
      "recall": 0.5517241379310345,
      "specificity": 0.7864491844416562,
      "false_positive_rate": 0.21355081555834377,
      "f1": 0.46166529266281947,
      "tp": 560.0,
      "fp": 851.0,
      "tn": 3134.0,
      "fn": 455.0
    },
    {
      "model_name": "Gradient Boosting",
      "roc_auc": 0.7235853663059133,
      "average_precision": 0.42989644134918614,
      "threshold": 0.24,
      "precision": 0.3969521044992743,
      "recall": 0.5389162561576355,
      "specificity": 0.7914680050188205,
      "false_positive_rate": 0.20853199498117947,
      "f1": 0.4571667363142499,
      "tp": 547.0,
      "fp": 831.0,
      "tn": 3154.0,
      "fn": 468.0
    },
    {
      "model_name": "Logistic Regression",
      "roc_auc": 0.7205243802189244,
      "average_precision": 0.4120847968505974,
      "threshold": 0.55,
      "precision": 0.3842364532019704,
      "recall": 0.5379310344827586,
      "specificity": 0.7804265997490589,
      "false_positive_rate": 0.21957340025094108,
      "f1": 0.44827586206896547,
      "tp": 546.0,
      "fp": 875.0,
      "tn": 3110.0,
      "fn": 469.0
    },
    {
      "model_name": "XGBoost",
      "roc_auc": 0.6943733582214092,
      "average_precision": 0.4070482878718667,
      "threshold": 0.29,
      "precision": 0.37155297532656023,
      "recall": 0.5044334975369458,
      "specificity": 0.782685069008783,
      "false_positive_rate": 0.21731493099121701,
      "f1": 0.4279147513581278,
      "tp": 512.0,
      "fp": 866.0,
      "tn": 3119.0,
      "fn": 503.0
    }
  ]
}